model,accuracy,f1,recall_sensitivity,specificity,precision_ppv,roc_auc,pr_auc
logreg,1.0,1.0,1.0,0.9999999999999825,1.0,1.0,1.0
svm,0.9912280701754386,0.9911504424778761,0.9824561403508771,0.9999999999999825,1.0,1.0,1.0
rf,1.0,1.0,1.0,0.9999999999999825,1.0,1.0,1.0
