model,accuracy,f1,recall_sensitivity,specificity,precision_ppv,roc_auc,pr_auc
rf,1.0,1.0,1.0,0.99999999999999,1.0,1.0,0.9999999999999998
logreg,0.8146341463414634,0.8362068965517241,0.9238095238095239,0.6999999999999931,0.7637795275590551,0.9302857142857143,0.9322952355153888
svm,0.8048780487804879,0.8260869565217391,0.9047619047619048,0.6999999999999931,0.76,0.9298095238095239,0.9301166380620377
