feature,importance_mean,importance_std
glucose,0.14648148148148143,0.03368436563660051
bmi,0.03790740740740737,0.023197584248192505
pregnancies,0.02755555555555551,0.008980927817986246
bloodpressure,0.014111111111111085,0.006827685109216539
diabetespedigreefunction,0.012259259259259225,0.00470078649695841
age,0.0083518518518518,0.004113821262187887
insulin,0.007222222222222197,0.0036364259877432873
skinthickness,-0.001166666666666738,0.001483910046486329
