model,accuracy,f1,recall_sensitivity,specificity,precision_ppv,roc_auc,pr_auc
svm,0.7402597402597403,0.6551724137931034,0.7037037037037037,0.7599999999999925,0.6129032258064516,0.8257407407407408,0.6983822601615797
logreg,0.7337662337662337,0.6495726495726496,0.7037037037037037,0.7499999999999926,0.6031746031746031,0.8248148148148148,0.6959740804188068
rf,0.7792207792207793,0.6666666666666666,0.6296296296296297,0.8599999999999914,0.7083333333333334,0.8215740740740741,0.7007911970829552
