feature,importance_mean,importance_std
glucose,0.09703703703703706,0.027826901008791573
bmi,0.052611111111111164,0.016767738800204372
age,0.024629629629629668,0.01107888846172417
diabetespedigreefunction,0.009166666666666734,0.00686597643260692
insulin,0.005425925925925989,0.0059213234441795265
pregnancies,0.0023148148148148806,0.01151868226631256
bloodpressure,0.00012962962962971282,0.0071218331589965106
skinthickness,-0.006611111111111056,0.004490158419671268
