feature,importance_mean,importance_std
glucose,0.14757407407407414,0.03342994743429209
bmi,0.038703703703703754,0.022963560326758087
pregnancies,0.027425925925925975,0.008484816585103869
bloodpressure,0.015944444444444462,0.0074735243713721
diabetespedigreefunction,0.011629629629629679,0.0037677790702328956
age,0.00959259259259263,0.004857926646539145
insulin,0.007555555555555604,0.0037155366530324512
skinthickness,-0.00014814814814810838,0.0013703703703703651
